date,code,action,price,shares,pnl,fee,reason
2023-01-03,600050,buy,4.5206128,22000,0.0,24.8882337704,
2023-01-03,601127,buy,41.31756182,2400,0.0,24.815327629091996,
2023-01-03,600027,buy,5.78279542,17200,0.0,24.890886326306,
2023-01-03,601100,buy,59.41241328,1600,0.0,23.788730277312,
2023-01-03,600276,buy,37.97902752,2600,0.0,24.711054255887998,
2023-01-03,600161,buy,19.8933169,5000,0.0,24.891512771125,
2023-01-03,600522,buy,16.1992584,6100,0.0,24.728572929059997,
2023-01-03,600941,buy,63.1828925,1500,0.0,23.7172782721875,
2023-01-03,600809,buy,256.40183104,300,0.0,19.249367465327996,
2023-01-17,600027,sell,4.92476086,17200,-15048.246758505979,190.58824528200003,
2023-01-17,600161,sell,20.14657884,5000,940.1941035500058,226.64901195000002,
2023-01-17,600522,sell,15.42284424,6100,-5046.620389433985,211.67853719400003,
2023-01-17,600941,sell,64.4825545,1500,1637.0900398125232,217.62862143750004,
2023-01-17,600584,buy,26.33051239,3800,0.0,25.039000757270497,
2023-01-17,601136,buy,18.7774125,5400,0.0,25.374856381875,
2023-01-17,600009,buy,61.49289865,1600,0.0,24.621756619459997,
2023-01-17,600030,buy,20.10802668,5000,0.0,25.160168383349998,
2023-02-07,600050,sell,4.6031392,22000,1488.2719280000165,227.85539040000006,
2023-02-07,601100,sell,62.098536,1600,3979.181761152009,223.55472960000003,
2023-02-07,600276,sell,41.5951368,2600,9059.80710616801,243.33155028000002,
2023-02-07,600584,sell,27.00135347,3800,2218.2785847495106,230.86157216850003,
2023-02-07,601136,sell,18.357969,5400,-2589.4422508499847,223.04932335000004,
2023-02-07,600009,sell,58.9799912,1600,-4331.368526159975,212.32796832000005,
2023-02-07,600030,sell,19.4293924,5000,-3712.2921978999802,218.5806645,
2023-02-07,600377,buy,7.32717975,13800,0.0,25.304048907637497,
2023-02-07,600026,buy,14.48016106,7000,0.0,25.365622136854995,
2023-02-07,600372,buy,17.60288688,5700,0.0,25.109197917804,
2023-02-07,600066,buy,6.9496623,14500,0.0,25.2177183633375,
2023-02-07,600160,buy,15.47452725,6500,0.0,25.171252888031248,
2023-02-07,600219,buy,3.12189245,32400,0.0,25.312616173844997,
2023-02-07,601138,buy,8.5837419,11800,0.0,25.347360643604997,
2023-02-07,600183,buy,15.18963158,6600,0.0,25.087954999106998,
2023-02-21,600809,sell,271.67402537,300,4321.357782563253,183.37996712475,
2023-02-21,600377,sell,7.24724688,13800,-1429.2157021739986,225.027015624,
2023-02-21,600026,sell,14.10839826,7000,-2925.9080000149843,222.20727259500003,
2023-02-21,600372,sell,16.89215085,5700,-4368.173660867236,216.64183465125004,
2023-02-21,600160,sell,17.1810639,6500,10740.630738337524,251.27305953750005,
2023-02-21,601138,sell,9.1485836,11800,6320.949011000033,242.89489458000006,
2023-02-21,600183,sell,16.3502705,6600,7317.163786647012,242.80151692500004,
2023-02-21,600050,buy,5.0157712,20100,0.0,25.229454530279995,
2023-02-21,600415,buy,5.09285224,19800,0.0,25.234828206588,
2023-02-21,600438,buy,36.96560704,2700,0.0,24.976736536752,
2023-02-21,600941,buy,70.252,1400,0.0,24.612788199999997,
2023-02-21,600989,buy,14.87730066,6700,0.0,24.944398084105497,
2023-02-21,600031,buy,18.16855506,5500,0.0,25.006744970707498,
2023-02-21,600233,buy,17.07232992,5900,0.0,25.206868318631997,
2023-03-07,600066,sell,8.25831216,14500,18605.22543243,269.42743422,
2023-03-07,600219,sell,3.06202054,32400,-2264.2204967459984,223.22129736600002,
2023-03-07,600415,sell,4.91232203,19800,-3894.1805787884805,218.84394643650003,
2023-03-07,600438,sell,36.11622976,2700,-2612.53189079999,219.40609579200006,
2023-03-07,600941,sell,75.837034,1400,7481.80814290003,238.88665710000004,
2023-03-07,600989,sell,14.83072176,6700,-635.3296749539877,223.57313053200002,
2023-03-07,600031,sell,17.17805751,5500,-5760.242039516248,212.57846168625,
2023-03-07,600233,sell,16.5668991,5900,-3302.694170080489,219.92558555250002,
2023-03-07,600938,buy,15.65650275,6500,0.0,25.467258785718748,
2023-03-07,600028,buy,4.53744432,22400,0.0,25.435097880191996,
2023-03-07,601138,buy,9.7319447,10400,0.0,25.328359276219995,
2023-03-07,601117,buy,9.43417344,10700,0.0,25.261650365952,
2023-03-07,601006,buy,6.01607454,16900,0.0,25.4433328464315,
2023-03-07,600377,buy,7.66467409,13200,0.0,25.318717921496997,
2023-03-07,600482,buy,16.60738464,6100,0.0,25.351587837575995,
2023-03-07,600489,buy,8.70680678,11600,0.0,25.274989401662,
2023-03-21,600050,sell,5.1166368,20100,1695.181659600028,231.39989928000003,
2023-03-21,600938,sell,14.513002,6500,-7746.774797124977,212.25265425000003,
2023-03-21,600028,sell,4.80486024,22400,5646.312899136014,242.16495609600003,
2023-03-21,601117,sell,9.38810814,10700,-819.8630692784936,226.01870347050004,
2023-03-21,601006,sell,6.09998074,16900,1084.3913526355173,231.95176763850006,
2023-03-21,600377,sell,7.79789554,13200,1425.7519444740174,231.59749753800003,
2023-03-21,600482,sell,16.49967165,6100,-984.8122787002212,226.45799339625003,
2023-03-21,600489,sell,9.26374538,11600,6117.705046933988,241.783754418,
2023-03-21,600522,buy,16.61142888,6100,0.0,25.357761471041997,
2023-03-21,600584,buy,31.77616351,3200,0.0,25.446351738807998,
2023-03-21,600809,buy,253.15776785,400,0.0,25.341092561784997,
2023-03-21,600276,buy,41.1011328,2400,0.0,24.685340359679998,
2023-03-21,600161,buy,20.41618026,5000,0.0,25.545745550324995,
2023-03-21,600660,buy,31.12481295,3200,0.0,24.92475021036,
2023-03-21,600018,buy,5.03123595,20300,0.0,25.55905596869625,
2023-04-04,601127,sell,35.16093876,2400,-15064.926561671979,189.86906930400002,
2023-04-04,600522,sell,16.60184352,6100,-387.6607144799782,227.86030231200002,
2023-04-04,600276,sell,42.6325452,2400,3346.5312972000247,230.21574408000004,
2023-04-04,600161,sell,20.6694422,5000,931.6975739500194,232.53122475,
2023-04-04,600018,sell,5.03123595,20300,-331.93579180123925,229.80170201625003,
2023-04-04,600570,buy,56.45402706,1700,0.0,24.0169544620005,
2023-04-04,600460,buy,37.87683445,2600,0.0,24.6445623348925,
2023-04-04,600941,buy,85.3473985,1100,0.0,23.494005122087497,
2023-04-04,600066,buy,9.61573158,10400,0.0,25.025903010107996,
2023-04-04,600690,buy,19.85511,5000,0.0,24.8437063875,
2023-04-19,601138,sell,15.9915019,10400,64623.981510660014,374.20114446,
2023-04-19,600584,sell,33.91693578,3200,6504.585603152023,244.20193761600007,
2023-04-19,600809,sell,227.44694039,400,-10590.296337490974,204.70224635100004,
2023-04-19,600660,sell,30.52297674,3200,-2245.240705967997,219.76543252800002,
2023-04-19,600570,sell,50.43463246,1700,-10521.855135161488,192.91246915950003,
2023-04-19,600460,sell,37.61801771,2600,-991.4686971734918,220.06540360350002,
2023-04-19,600941,sell,89.290292,1100,4022.307238950001,220.9934727,
2023-04-19,600690,sell,20.69443965,5000,3864.5602539375104,232.81244606250004,
2023-04-19,600918,buy,7.4892807,14200,0.0,26.613533431485,
2023-04-19,600415,buy,7.23070999,14800,0.0,26.780380589963,
2023-04-19,600276,buy,48.07646928,2200,0.0,26.468500162104,
2023-04-19,601100,buy,67.54780288,1500,0.0,25.35575650608,
2023-04-19,600023,buy,3.819228,28000,0.0,26.761330595999997,
2023-04-19,600036,buy,29.6472925,3600,0.0,26.709245813249996,
2023-04-19,600919,buy,6.04501436,17700,0.0,26.775937731542996,
2023-04-19,600938,buy,16.404507,6500,0.0,26.683981198874996,
2023-04-19,601018,buy,3.50157626,30500,0.0,26.726218501482503,
2023-05-08,600066,sell,11.3389227,10400,17555.853248388026,265.33079118,
2023-05-08,600918,sell,7.5879537,14200,1052.3736933450127,242.43512071500004,
2023-05-08,600276,sell,45.95225208,2200,-5006.509720211994,227.46364779600003,
2023-05-08,601100,sell,56.76480128,1500,-16467.40530863998,191.58120432000004,
2023-05-08,600023,sell,4.3011782,28000,13116.69298940002,270.9742266,
2023-05-08,600036,sell,29.730806,3600,-46.90118159998383,240.8195286,
2023-05-08,600938,sell,17.126718,6500,4337.263953750022,250.47825075000003,
2023-05-08,600016,buy,3.66690276,29400,0.0,26.978687021286,
2023-05-08,600482,buy,18.85956534,5700,0.0,26.901755490109498,
2023-05-08,600150,buy,27.28660448,3900,0.0,26.631043807368,
2023-05-08,600377,buy,9.49424867,11300,0.0,26.848073745242743,
2023-05-08,600030,buy,21.09344084,5100,0.0,26.921031208070996,
2023-05-08,601088,buy,25.56019669,4200,0.0,26.8650447310245,
2023-05-08,600999,buy,14.2134135,7600,0.0,27.032491135649998,
2023-05-22,600415,sell,7.82931016,14800,8491.551979820011,260.71602832800005,
2023-05-22,600919,sell,6.19048262,17700,2221.255477486513,246.53597034150002,
2023-05-22,601018,sell,3.29074837,30500,-6762.876327821257,225.82760689125,
2023-05-22,600016,sell,3.34480995,29400,-9798.59473333649,221.25917819250003,
2023-05-22,600377,sell,8.44623993,11300,-12164.529422191219,214.74565022025004,
2023-05-22,600030,sell,19.8012468,5100,-6924.985459313975,227.21930703000004,
2023-05-22,601088,sell,24.83519899,4200,-3387.035796553493,234.69263045550002,
2023-05-22,600999,sell,13.333268,7600,-7025.126625399993,227.99888280000005,
2023-05-22,600809,buy,209.13517969,400,0.0,20.934431486969,
2023-05-22,600674,buy,14.1775895,7300,0.0,25.8999749383375,
2023-05-22,600905,buy,5.2962336,19500,0.0,25.844957938799997,
2023-05-22,601127,buy,26.65234734,3800,0.0,25.345049702972997,
2023-05-22,600875,buy,17.81033968,5800,0.0,25.850817528535995,
2023-05-22,600436,buy,303.53867964,300,0.0,22.788166373973,
2023-05-22,600276,buy,48.1159896,2100,0.0,25.286155434539996,
2023-06-05,600482,sell,18.02723769,5700,-5082.966450812237,231.19932337425,
2023-06-05,600150,sell,28.24316416,3900,3376.3312290240137,247.83376550400004,
2023-06-05,600809,sell,197.060572,400,-5090.851662675996,177.3545148,
2023-06-05,600674,sell,13.53611168,7300,-5008.615123694006,222.330634344,
2023-06-05,600905,sell,5.1342984,19500,-3486.2802974999795,225.26734230000002,
2023-06-05,600875,sell,16.90298519,5800,-5586.539968873491,220.5839567295,
2023-06-05,600436,sell,289.0201014,300,-4641.723644337006,195.08856844500002,
2023-06-05,600276,sell,45.942372,2100,-4882.7182458599855,217.07770770000002,
2023-06-05,600415,buy,8.77921128,11500,0.0,25.265472662429996,
2023-06-05,601138,buy,17.5286121,5700,0.0,25.003250514742497,
2023-06-05,600161,buy,22.09097696,4500,0.0,24.877201429079996,
2023-06-05,601100,buy,53.61654992,1800,0.0,24.151574911463996,
2023-06-05,600803,buy,16.1102172,6200,0.0,24.99580749666,
2023-06-05,600690,buy,20.62223925,4900,0.0,25.287505324331246,
2023-06-05,600346,buy,14.12376833,7100,0.0,25.094758474535748,
2023-06-05,600029,buy,5.89,17100,0.0,25.204929749999994,
2023-06-05,600570,buy,43.03373746,2300,0.0,24.769143438539494,
2023-06-19,600415,sell,8.89409736,11500,990.0942210900248,230.13476919000004,
2023-06-19,600161,sell,21.8132058,4500,-1570.238325044993,220.858708725,
2023-06-19,600803,sell,16.4589232,6200,1832.4918747200136,229.60197864000006,
2023-06-19,600690,sell,21.12764205,4900,2142.4924940737546,232.93225360125,
2023-06-19,600346,sell,13.56588413,7100,-4277.971574119743,216.71499897675002,
2023-06-19,600029,sell,6.25,17100,5814.812250000017,240.46875000000003,
2023-06-19,600183,buy,15.29667054,6700,0.0,25.6475450776545,
2023-06-19,600845,buy,43.3150496,2300,0.0,24.93105967352,
2023-06-19,600031,buy,16.0659358,6400,0.0,25.731202777279993,
2023-06-19,600809,buy,199.87705093,500,0.0,25.00961599761625,
2023-06-19,600233,buy,14.01304671,7300,0.0,25.599384055995746,
2023-07-05,601138,sell,22.0936442,5700,25637.41889416502,283.35098686500004,
2023-07-05,600570,sell,42.555724,2300,-1418.6344258579775,220.2258717,
2023-07-05,600183,sell,14.51806906,6700,-5537.977499697488,218.85989107950002,
2023-07-05,600845,sell,39.724,2300,-8564.610394079995,205.57170000000002,
2023-07-05,600031,sell,15.90384624,6400,-1369.2105589759594,229.01538585600002,
2023-07-05,600233,sell,14.48871021,7300,3132.0712438177725,237.97706519925003,
2023-07-05,600111,buy,26.35010631,3900,0.0,25.71704500590225,
2023-07-05,600276,buy,48.77158986,2100,0.0,25.630689761176498,
2023-07-05,600010,buy,1.91,54600,0.0,26.097571499999997,
2023-07-05,600760,buy,44.469754,2300,0.0,25.595678658550003,
2023-07-05,600161,buy,21.04525024,4900,0.0,25.806211975543995,
2023-07-05,600660,buy,33.31724825,3100,0.0,25.846688261143743,
2023-07-19,601127,sell,42.40460602,3800,59394.74468263704,362.55938147100005,
2023-07-19,601100,sell,66.76788012,1800,23305.474655658036,270.40991448600005,
2023-07-19,600111,sell,23.86330881,3900,-10010.676199416746,209.40053480775,
2023-07-19,600276,sell,46.29285486,2100,-5526.497577919494,218.7337392135,
2023-07-19,600010,sell,1.81,54600,-5786.644499999995,222.35850000000002,
2023-07-19,600760,sell,43.9604088,2300,-1501.2695097399992,227.49511554000006,
2023-07-19,600161,sell,20.30916828,4900,-3933.8319104629772,223.90858028700004,
2023-07-19,600660,sell,33.81118228,3100,1192.0790270220168,235.832996403,
2023-07-19,600050,buy,4.8359195,22600,0.0,27.350268120175,
2023-07-19,600584,buy,34.89169404,3100,0.0,27.068103943881,
2023-07-19,601136,buy,14.7780675,7400,0.0,27.366764299874998,
2023-07-19,600489,buy,10.70405432,10200,0.0,27.322633854515995,
2023-07-19,600887,buy,24.62833776,4400,0.0,27.118262707535997,
2023-07-19,600160,buy,14.70806991,7400,0.0,27.237139262833498,
2023-07-19,601138,buy,23.2325873,4700,0.0,27.3255883675775,
2023-07-19,601059,buy,14.30193944,7600,0.0,27.200858620936,
2023-08-02,600050,sell,4.715715,22600,-3065.707588449979,239.79410775000005,
2023-08-02,600584,sell,33.10542984,3100,-5876.493644657996,230.910373134,
2023-08-02,600489,sell,10.16123306,10200,-5879.158504790976,233.20029872700005,
2023-08-02,600887,sell,25.541503,4400,3656.7014901560033,252.86087970000003,
2023-08-02,600160,sell,14.35436883,7400,-2965.2279503534955,239.0002410195,
2023-08-02,601138,sell,21.18130056,4700,-9974.233091731978,223.99225342200003,
2023-08-02,600030,buy,22.1718186,4700,0.0,26.077938741855,
2023-08-02,600918,buy,7.8346362,13500,0.0,26.468339072175002,
2023-08-02,601127,buy,42.493546,2400,0.0,25.5216237276,
2023-08-02,600585,buy,24.76332368,4200,0.0,26.027491353863997,
2023-08-02,600999,buy,14.11478112,7500,0.0,26.491679814599998,
2023-08-02,600018,buy,4.92245247,21500,0.0,26.484640208276247,
2023-08-16,600809,sell,213.08397,500,6263.801543285008,239.71946625000004,
2023-08-16,600030,sell,22.32056036,4700,358.83879877300933,236.03992580700003,
2023-08-16,600918,sell,8.0019472,13500,1909.8717651000043,243.05914620000004,
2023-08-16,601127,sell,35.49693424,2400,-17085.53617929599,191.68344489600005,
2023-08-16,600585,sell,23.50167424,4200,-5625.024429023979,222.09082156800002,
2023-08-16,600999,sell,14.40883906,7500,1856.4245324625226,243.14915913750002,
2023-08-16,600018,sell,4.83058731,21500,-2314.613329226224,233.67966112125006,
2023-08-16,600803,buy,16.5623655,6200,0.0,25.69733819152499,
2023-08-16,600160,buy,16.00497387,6400,0.0,25.633566150191996,
2023-08-16,600941,buy,86.47395204,1100,0.0,23.804117147811,
2023-08-16,600938,buy,16.25930658,6300,0.0,25.634016271363496,
2023-08-16,600025,buy,6.96424689,14800,0.0,25.793481206493,
2023-08-16,600115,buy,4.65,22200,0.0,25.833307500000004,
2023-08-16,600009,buy,44.90966505,2300,0.0,25.848880461153747,
2023-08-16,600377,buy,8.92031172,11600,0.0,25.894772891988,
2023-08-30,601136,sell,24.290474,7400,69878.01400840002,404.4363921000001,
2023-08-30,601059,sell,20.23472285,7600,44634.44541552101,346.01376073500006,
2023-08-30,600803,sell,15.6671025,6200,-5871.873345974964,218.55607987500002,
2023-08-30,600160,sell,15.73969806,6400,-2026.8486688319826,226.65165206400005,
2023-08-30,600941,sell,88.41869736,1100,1825.2622287900158,218.83627596600002,
2023-08-30,600938,sell,16.92713133,6300,3864.9202069432795,239.94208660275007,
2023-08-30,600025,sell,6.91608474,14800,-1046.176295813988,230.30562184200002,
2023-08-30,600115,sell,4.37,22200,-6537.511500000008,218.28150000000002,
2023-08-30,600009,sell,38.51495115,2300,-15010.449071816227,199.31487220125004,
2023-08-30,600377,sell,8.94830433,11600,-12.312082964999718,233.55074301300002,
2023-08-30,601127,buy,36.25786518,3100,0.0,28.127945360014504,
2023-08-30,601100,buy,61.33351131,1800,0.0,27.6276801695895,
2023-08-30,600809,buy,228.67548,400,0.0,22.890415547999996,
2023-08-30,600066,buy,10.69598141,10600,0.0,28.372695087236497,
2023-08-30,600547,buy,25.89100836,4300,0.0,27.860666820987,
2023-08-30,600584,buy,32.24206881,3500,0.0,28.24002201895875,
2023-08-30,600039,buy,7.94282736,14200,0.0,28.225234165127997,
2023-08-30,600276,buy,41.7914721,2700,0.0,28.237452911167498,
2023-08-30,600989,buy,13.01140913,8700,0.0,28.328114672607747,
2023-09-13,601100,sell,62.55843165,1800,1841.0946434595098,253.36164818250003,
2023-09-13,600066,sell,12.0209143,10600,13644.212424999001,286.69880605500003,
2023-09-13,600547,sell,25.63544032,4300,-1458.2967930439918,248.02288509600004,
2023-09-13,600584,sell,30.90237066,3500,-5045.146934782504,243.3561689475,
2023-09-13,600039,sell,7.00421008,14200,-13664.938036567983,223.784512056,
2023-09-13,600989,sell,13.6615085,8700,5275.2412306815095,267.4240288875,
2023-09-13,600415,buy,9.334494,12500,0.0,29.199464043749995,
2023-09-13,600938,buy,17.46139113,6700,0.0,29.277077972892744,
2023-09-13,600018,buy,4.76543488,24500,0.0,29.217476928639996,
2023-09-13,600027,buy,5.10603149,22900,0.0,29.26126231053025,
2023-09-13,600436,buy,259.6301157,400,0.0,25.988974581569995,
2023-09-13,600161,buy,20.4647,5700,0.0,29.191359697499998,
2023-09-13,600160,buy,15.57267255,7500,0.0,29.227959792281247,
2023-09-27,600809,sell,228.4014474,400,-406.64453465999395,205.56130266000002,
2023-09-27,600415,sell,8.62602984,12500,-9215.090264249986,242.60708925,
2023-09-27,600938,sell,18.5210064,6700,6703.226816949027,279.20417148000007,
2023-09-27,600018,sell,4.82127982,24500,985.6748253625119,265.77305007750005,
2023-09-27,600027,sell,4.8013316,22900,-7341.944212810995,247.38861069000004,
2023-09-27,600161,sell,21.15231392,5700,3531.4721279760124,271.27842602400005,
2023-09-27,600160,sell,15.01264584,7500,-4570.33376767498,253.33839855000002,
2023-09-27,601012,buy,27.40742514,4100,0.0,28.1207033792685,
2023-09-27,600522,buy,14.0857442,8000,0.0,28.1996598884,
2023-09-27,600026,buy,13.04357118,8700,0.0,28.3981370838165,
2023-09-27,600438,buy,30.90810975,3600,0.0,27.845116073775,
2023-09-27,600482,buy,17.83165643,6300,0.0,28.112943736127242,
2023-09-27,601138,buy,18.7898634,6000,0.0,28.212979895100002,
2023-09-27,600183,buy,14.07179748,8000,0.0,28.171738554959997,
2023-10-19,600276,sell,43.04075454,2700,2998.753029499523,261.47258383050007,
2023-10-19,601012,sell,25.15476006,4100,-9580.349932627505,232.05266155350003,
2023-10-19,600522,sell,14.12433528,8000,-58.19534863998706,254.23803504000006,
2023-10-19,600438,sell,28.61755526,3600,-8589.067556705995,231.80219760600002,
2023-10-19,600482,sell,17.35078072,6300,-3387.8037252149807,245.947316706,
2023-10-19,601138,sell,15.68668899,6000,-18943.555941765007,211.77030136500002,
2023-10-19,600183,sell,15.5245539,8000,11230.035009960018,279.44197020000007,
2023-10-19,600161,buy,22.20829244,4900,0.0,27.232363397239,
2023-10-19,600023,buy,3.8283214,28600,0.0,27.399870508009997,
2023-10-19,600674,buy,14.05386045,7800,0.0,27.432432905377496,
2023-10-19,600019,buy,5.38810664,20300,0.0,27.371985839197993,
2023-10-19,600346,buy,13.1102787,8300,0.0,27.231032130802497,
2023-10-19,601100,buy,54.88809714,2000,0.0,27.471492618569997,
2023-10-19,600809,buy,211.66656,500,0.0,26.484778319999997,
2023-11-02,600436,sell,242.197337,400,-7294.9411295799655,217.97760330000003,
2023-11-02,600026,sell,13.58822714,8700,4359.038236468521,265.98954626550005,
2023-11-02,600023,sell,4.0829366,28600,6909.767757750014,262.73697021000004,
2023-11-02,600674,sell,14.139846,7800,312.91288119001547,248.15429730000002,
2023-11-02,600019,sell,5.80328609,20300,8053.699178047289,265.06509216075005,
2023-11-02,600346,sell,13.72395132,8300,4728.372641889015,256.29479090100006,
2023-11-02,600276,buy,47.4925626,2300,0.0,27.335531718494998,
2023-11-02,600887,buy,24.71875016,4500,0.0,27.836402523929998,
2023-11-02,600584,buy,30.31687295,3700,0.0,28.071150586228747,
2023-11-02,600036,buy,27.039051,4100,0.0,27.742742302274998,
2023-11-02,600918,buy,7.1601582,15800,0.0,28.310907514889998,
2023-11-16,601127,sell,81.4294928,3100,139351.67552766204,567.9707122800002,
2023-11-16,601100,sell,57.26988669,2000,4396.088415615013,257.71449010500004,
2023-11-16,600809,sell,224.89572,500,6255.739035000006,253.00768500000004,
2023-11-16,600276,sell,46.4019192,2300,-2857.8426458399917,240.12993186000003,
2023-11-16,600887,sell,24.42943048,4500,-1660.5209193299816,247.34798361000003,
2023-11-16,600584,sell,31.4580973,3700,3848.4690050625213,261.8886600225,
2023-11-16,600036,sell,26.9156655,4100,-865.0376733374869,248.29701423750004,
2023-11-16,600918,sell,7.229482,15800,725.1774553400173,257.0080851,
2023-11-16,601059,buy,19.58167067,6500,0.0,31.852035053588747,
2023-11-16,600160,buy,14.78667015,8600,0.0,31.823132163322498,
2023-11-16,600406,buy,21.05770078,6000,0.0,31.618137721169997,
2023-11-16,600011,buy,7.1675296,17900,0.0,32.10676965496,
2023-11-16,601018,buy,3.26396875,39300,0.0,32.10056146171875,
2023-11-16,600027,buy,4.66283165,27500,0.0,32.08902456134375,
2023-11-16,601066,buy,25.45235308,5000,0.0,31.84725679135,
2023-11-16,600760,buy,41.9817986,3000,0.0,31.517835298949997,
2023-11-16,600660,buy,34.2957968,3700,0.0,31.755335652039996,
2023-11-30,601059,sell,19.34419715,6500,-1953.7676226737385,282.90888331875004,
2023-11-30,600160,sell,15.61197267,8600,6668.34463754551,302.09167116450004,
2023-11-30,600406,sell,20.86807718,6000,-1545.806846609994,281.71904193000006,
2023-11-30,601018,sell,3.39565625,39300,4746.783874218745,300.26090390625,
2023-11-30,600027,sell,4.72746496,27500,1356.6762602250092,292.5118944,
2023-11-30,601066,sell,25.06347068,5000,-2353.6378105500044,281.96404515,
2023-11-30,600760,sell,41.1883955,3000,-2784.1763654249953,278.021669625,
2023-11-30,600660,sell,35.09727466,3700,2546.388822295514,292.1848115445,
2023-11-30,600150,buy,27.27465448,4700,0.0,32.07976673301399,
2023-11-30,601127,buy,74.79852318,1700,0.0,31.8211617238515,
2023-11-30,600515,buy,4.07,31700,0.0,32.28700475,
2023-11-30,600104,buy,14.39675712,8900,0.0,32.064817376591996,
2023-11-30,600674,buy,13.6430406,9400,0.0,32.09320655541,
2023-11-30,600900,buy,21.36426834,6000,0.0,32.07844891250999,
2023-11-30,600018,buy,4.68166747,27600,0.0,32.335809048543,
2023-12-14,600161,sell,26.2766748,4900,19536.552591374,289.70033967,
2023-12-14,600011,sell,7.32785592,17900,2446.4129509820195,295.12939717800003,
2023-12-14,600150,sell,28.21209738,4700,3979.447824150542,298.34292979350005,
2023-12-14,600515,sell,3.84,31700,-7693.9070000000065,273.88800000000003,
2023-12-14,600104,sell,13.16800164,8900,-11327.744143208984,263.68923284100003,
2023-12-14,600674,sell,14.0634144,9400,3525.8279238000105,297.44121456000005,
2023-12-14,600900,sell,21.53271198,6000,591.7846182300127,290.69161173,
2023-12-14,600018,sell,4.72820492,27600,861.5980722960085,293.621525532,
2023-12-14,600183,buy,17.091252,7500,0.0,32.078143597499995,
2023-12-14,601138,buy,14.234745,9000,0.0,32.060204426249996,
2023-12-14,600482,buy,17.39984967,7300,0.0,31.786480373397747,
2023-12-14,600160,buy,16.58465064,7700,0.0,31.957377934481997,
2023-12-14,600010,buy,1.47,87300,0.0,32.11483275,
2023-12-14,601100,buy,49.35651243,2600,0.0,32.1138148125795,
2023-12-14,600025,buy,8.33205195,15400,0.0,32.1104784075075,
2023-12-14,600196,buy,25.277577,5000,0.0,31.628568221249996,
2023-12-14,600809,buy,204.296028,600,0.0,30.675048604199997,
2023-12-28,601127,sell,71.13221956,1700,-6631.954383222997,272.08073981700005,
2023-12-28,600183,sell,17.08175686,7500,-487.6525870124897,288.2546470125,
2023-12-28,601138,sell,14.0449484,9000,-2120.69231009997,284.41020510000004,
2023-12-28,600482,sell,16.91897396,7300,-3915.305732883993,277.894147293,
2023-12-28,600160,sell,16.12287423,7700,-3962.70896296273,279.32879603475004,
2023-12-28,600010,sell,1.46,87300,-1288.1114999999845,286.7805,
2023-12-28,600196,sell,24.368874,5000,-4944.052717499973,274.14983250000006,
2023-12-28,601012,buy,22.47725025,5500,0.0,30.93712531284375,
2023-12-28,600674,buy,14.4073566,8700,0.0,31.367336605604997,
2023-12-28,600760,buy,41.2471661,3000,0.0,30.966309949574995,
2023-12-28,600941,buy,89.43576996,1400,0.0,31.333822005485995,
2023-12-28,600438,buy,24.42938659,5100,0.0,31.178615370152247,
2023-12-28,600886,buy,12.35550639,10100,0.0,31.228851288384746,
2024-01-12,600025,sell,8.25499251,15400,-1601.0644665014988,286.0354904715,
2024-01-12,600809,sell,199.8264618,600,-3074.083060229983,269.76572343000004,
2024-01-12,601012,sell,21.84492321,5500,-3871.7545210987446,270.33092472375006,
2024-01-12,600674,sell,14.18761575,8700,-2314.8119757262175,277.72257830625006,
2024-01-12,600760,sell,38.1617096,3000,-9637.702538099984,257.5915398,
2024-01-12,600941,sell,87.3371132,1400,-3338.441448523983,275.11190658000004,
2024-01-12,600886,sell,12.57226966,10100,1778.8135844375065,285.70482802350006,
2024-01-12,600066,buy,13.46868865,9100,0.0,30.67190794542875,
2024-01-12,600660,buy,36.346089,3300,0.0,30.015508948424998,
2024-01-12,601058,buy,11.52433836,10600,0.0,30.570036150653998,
2024-01-12,600036,buy,25.1530155,4800,0.0,30.213802218599994,
2024-01-12,601021,buy,51.21661317,2400,0.0,30.760697869901996,
2024-01-12,600346,buy,11.50171259,10600,0.0,30.510017901863495,
2024-01-12,600362,buy,16.91676832,7200,0.0,30.480633158975994,
2024-01-12,600989,buy,13.68977369,8900,0.0,30.490206206710248,
2024-01-26,601100,sell,49.8717567,2600,919.5583929870045,291.74977669500004,
2024-01-26,600438,sell,25.03317292,5100,2667.4647521340084,287.255659257,
2024-01-26,600066,sell,13.92495693,9100,3744.362788143262,285.11349314175004,
2024-01-26,600660,sell,35.6937233,3300,-2537.774799202496,265.0258955025,
2024-01-26,601058,sell,10.67807919,10600,-9347.177377297485,254.67218868150005,
2024-01-26,601021,sell,52.21991469,2400,2003.0162370660255,281.98753932600005,
2024-01-26,600346,sell,11.73416434,10600,2062.210577037011,279.85981950900003,
2024-01-26,600362,sell,17.17831968,7200,1483.0802812800393,278.28877881600005,
2024-01-26,600989,sell,13.14331335,8900,-5248.530861674735,263.19484983375,
2024-01-26,601136,buy,18.3112804,6700,0.0,30.702066064670003,
2024-01-26,600050,buy,4.287101,28800,0.0,30.897994327199996,
2024-01-26,600482,buy,18.66582858,6600,0.0,30.829415774156995,
2024-01-26,600061,buy,6.72902712,18300,0.0,30.816084373073995,
2024-01-26,600030,buy,19.77560623,6200,0.0,30.6828418461565,
2024-01-26,600938,buy,20.9074008,5900,0.0,30.86925459618,
2024-01-26,601117,buy,6.218817,19800,0.0,30.813927294149995,
2024-01-26,601066,buy,22.10796444,5500,0.0,30.428849556104996,
2024-02-19,600036,sell,27.8674965,4800,12607.805363400053,300.9689622000001,
2024-02-19,601136,sell,17.6425548,6700,-4869.108612290016,265.96151361,
2024-02-19,600050,sell,4.4190118,28800,3389.2105665600247,286.35196464,
2024-02-19,600061,sell,6.39161172,18300,-6561.017628866975,263.17461257100007,
2024-02-19,600030,sell,19.79459385,6200,-281.0200988334982,276.1345842075,
2024-02-19,601117,sell,6.13401495,19800,-2075.483532622471,273.2703660225,
2024-02-19,601066,sell,22.05935414,5500,-661.934961902487,272.9845074825,
2024-02-19,601127,buy,73.2766613,1600,0.0,29.339975184519993,
2024-02-19,601138,buy,16.38893641,7500,0.0,30.75998502451875,
2024-02-19,600160,buy,18.06823017,6800,0.0,30.746707280288998,
2024-02-19,600111,buy,18.43214307,6600,0.0,30.443449101565495,
2024-02-19,600188,buy,16.85541952,7300,0.0,30.791901764624,
2024-02-19,600809,buy,212.4414108,500,0.0,26.581731526349998,
2024-02-19,600066,buy,14.84626788,8300,0.0,30.836811856850993,
2024-03-04,600482,sell,21.53145526,6600,18470.199508761027,319.74211061100004,
2024-03-04,600111,sell,18.82008348,6600,2159.276322060032,279.4782396780001,
2024-03-04,600188,sell,18.13702188,7300,8934.752081125,297.90058437900007,
2024-03-04,600809,sell,223.572804,500,5207.956490100012,251.51940450000004,
2024-03-04,600584,buy,27.67717141,4700,0.0,32.553197083156746,
2024-03-04,600089,buy,15.19918934,8600,0.0,32.710935338081,
2024-03-04,600460,buy,21.42529918,6100,0.0,32.7062548307495,
2024-03-04,600522,buy,12.94730734,10100,0.0,32.724642984533496,
2024-03-04,600276,buy,43.5265866,3000,0.0,32.67758488995,
2024-03-18,600938,sell,25.72304775,5900,27947.48988139874,341.47345888125,
2024-03-18,600066,sell,17.12760928,8300,18492.05149329205,319.85810330400005,
2024-03-18,600584,sell,28.52068506,4700,3532.8252048635186,301.6062445095,
2024-03-18,600089,sell,15.42128677,8600,1480.9229706765036,298.4018989995,
2024-03-18,600460,sell,21.55508897,6100,365.179797888748,295.84359611325004,
2024-03-18,600522,sell,14.36552953,10100,13866.819656296764,326.45665856925007,
2024-03-18,600233,buy,14.07012633,9900,0.0,34.85838622941675,
2024-03-18,600362,buy,21.49391712,6500,0.0,34.962542935319995,
2024-03-18,600809,buy,236.376741,500,0.0,29.576639717625,
2024-03-18,600845,buy,33.1059816,4200,0.0,34.79604196067999,
2024-03-18,600009,buy,36.81360525,3800,0.0,35.0078979124875,
2024-04-01,601127,sell,89.36491546,1600,25302.25030226403,321.7136956560001,
2024-04-01,601138,sell,22.12079373,7500,42492.72448273125,373.28839419375004,
2024-04-01,600276,sell,45.92600208,3000,6757.666166160023,310.0005140400001,
2024-04-01,600233,sell,14.9358339,9900,8098.51499221049,332.6957001225,
2024-04-01,600362,sell,21.9983376,6500,2817.296971320029,321.7256874,
2024-04-01,600809,sell,238.6351476,500,742.5503884500067,268.46454105000004,
2024-04-01,600845,sell,29.554656,4200,-15333.904141919964,279.29149920000003,
2024-04-01,600009,sell,35.83582025,3800,-4161.87096308748,306.3962631375,
2024-04-01,600584,buy,27.90541628,5000,0.0,34.916652120349994,
2024-04-01,600547,buy,28.98731346,4800,0.0,34.81956092815199,
2024-04-01,600741,buy,16.09207236,8800,0.0,35.437961751192,
2024-04-01,600989,buy,15.86619332,8900,0.0,35.337582417137,
2024-04-01,600309,buy,81.27444845,1700,0.0,34.576182231841244,
2024-04-01,600066,buy,18.46131656,7600,0.0,35.111577965463994,
2024-04-01,600489,buy,12.7610612,11100,0.0,35.44735677483,
2024-04-01,600690,buy,23.69919174,5900,0.0,34.9912641243165,
2024-04-01,601100,buy,51.35915997,2700,0.0,34.70210041272975,
2024-04-17,600160,sell,23.15759571,6800,34130.510492481,354.311214363,
2024-04-17,600584,sell,25.39472271,5000,-12978.685561887483,285.6906304875,
2024-04-17,600547,sell,30.50106262,4800,6797.445387096028,329.41147629600005,
2024-04-17,600741,sell,16.44784947,8800,2663.560911726003,325.66741950600004,
2024-04-17,600989,sell,15.95098889,8900,294.05289992975304,319.41855252225,
2024-04-17,600309,sell,83.70643372,1700,3676.03128765602,320.177108979,
2024-04-17,600489,sell,12.6658294,11100,-1515.049848584982,316.32908926500005,
2024-04-17,600690,sell,25.76200195,5900,11688.764431847754,341.99057588625004,
2024-04-17,601127,buy,93.54509452,1500,0.0,35.114489855445,
2024-04-17,601136,buy,19.6585658,7400,0.0,36.40471507673,
2024-04-17,600875,buy,17.1797012,8400,0.0,36.113449892519995,
2024-04-17,600031,buy,15.36036948,9400,0.0,36.132965146277996,
2024-04-17,601117,buy,6.64282725,21900,0.0,36.40584867294374,
2024-04-17,600061,buy,6.05419632,24000,0.0,36.36150309791999,
2024-04-17,600585,buy,21.33753104,6800,0.0,36.31007657076799,
2024-04-17,600176,buy,10.76816672,13500,0.0,36.37890524268,
2024-05-06,601100,sell,51.54387018,2700,46.91882373750559,313.12901134350005,
2024-05-06,601127,sell,90.3729019,1500,-5203.61511569249,305.00854391250004,
2024-05-06,600875,sell,16.53248808,8400,-5893.363722791983,312.4640247120001,
2024-05-06,600031,sell,16.14221324,9400,6863.536060862039,341.40781002600005,
2024-05-06,601117,sell,6.784164,21900,2615.5072271250247,334.2896811,
2024-05-06,600061,sell,6.23736468,24000,3913.92223560001,336.81769272,
2024-05-06,600585,sell,21.38357664,6800,-159.15385366394185,327.1687225920001,
2024-05-06,600176,sell,11.82033794,13500,13699.898454352515,359.04276492750006,
2024-05-06,600660,buy,47.10080354,3100,0.0,36.5396258662435,
2024-05-06,600809,buy,254.18886,500,0.0,31.805381107499997,
2024-05-06,600183,buy,18.60097926,7800,0.0,36.308181466556995,
2024-05-06,600690,buy,29.33260617,5000,0.0,36.702423470212494,
2024-05-06,601138,buy,23.55375806,6200,0.0,36.544833317992996,
2024-05-06,600918,buy,6.5659542,22300,0.0,36.641799859665,
2024-05-06,600085,buy,42.8651492,3400,0.0,36.47181219681999,
2024-05-20,601136,sell,20.848504,7400,8312.941701479984,347.12759159999996,
2024-05-20,600183,sell,19.95878428,7800,10095.514853658038,350.276664114,
2024-05-20,600690,sell,28.16707215,5000,-6291.2126925374905,316.87956168750003,
2024-05-20,600918,sell,6.387693,22300,-4442.148034935002,320.50249627500006,
2024-05-20,600085,sell,44.3548573,3400,4579.9513743750285,339.31465834500005,
2024-05-20,600048,buy,10.32665972,14700,0.0,37.988424945470996,
2024-05-20,600029,buy,5.97,25400,0.0,37.94740949999999,
2024-05-20,600489,buy,14.83711444,10200,0.0,37.872476463822004,
2024-05-20,600585,buy,23.33591008,6500,0.0,37.95877473388,
2024-05-20,600362,buy,26.45405184,5700,0.0,37.734720895872,
2024-05-20,600233,buy,16.32477132,9300,0.0,37.993048412319,
2024-06-03,600066,sell,22.70522576,7600,31725.144553648017,388.25936049600006,
2024-06-03,600660,sell,44.18914158,3100,-9480.383829494502,308.2192625205,
2024-06-03,600809,sell,229.714914,500,-12622.496708249993,258.42927825000004,
2024-06-03,601138,sell,22.65222421,6200,-6051.5416977014975,315.99852772950004,
2024-06-03,600048,sell,9.54377216,14700,-11975.909294075973,315.66026419200006,
2024-06-03,600029,sell,5.83,25400,-4040.82249999998,333.1845,
2024-06-03,600489,sell,13.5705315,10200,-13381.928253213002,311.443697925,
2024-06-03,600585,sell,22.54392576,6500,-5629.286409759981,329.70491424000005,
2024-06-03,600362,sell,23.51159904,5700,-17224.30531317601,301.53625768800003,
2024-06-03,600233,sell,15.47809029,9300,-8349.832991594216,323.8790393182501,
2024-06-03,601127,buy,89.42420878,1500,0.0,33.567612370792496,
2024-06-03,600161,buy,24.61494116,5700,0.0,35.111367444153,
2024-06-03,600584,buy,26.63518396,5300,0.0,35.326910365747,
2024-06-03,600938,buy,27.41355,5100,0.0,34.98722852625,
2024-06-03,600900,buy,25.66893914,5500,0.0,35.3300861088175,
2024-06-03,600600,buy,74.1133056,1900,0.0,35.23902398016,
2024-06-03,600039,buy,7.19901744,19600,0.0,35.310460641456,
2024-06-03,600025,buy,9.87324075,14300,0.0,35.332132516931246,
2024-06-03,600415,buy,7.79310576,18100,0.0,35.299067367564,
2024-06-03,600905,buy,4.47743224,31500,0.0,35.295038668889994,
2024-06-18,600938,sell,27.8704425,5100,1870.5293173124956,319.8133276875,
2024-06-18,600900,sell,26.0151844,5500,1441.231857780018,321.93790695000007,
2024-06-18,600600,sell,71.9855608,1900,-4491.268673059996,307.73827242000004,
2024-06-18,600025,sell,10.10441907,14300,2839.5529496977397,325.10968357725,
2024-06-18,600905,sell,4.38072744,31500,-3497.7243728699978,310.48405731,
2024-06-18,601138,buy,27.15989346,5200,0.0,35.343169359498,
2024-06-18,601059,buy,15.24777893,9300,0.0,35.48653709826225,
2024-06-18,600809,buy,215.3234778,600,0.0,32.33082019167,
2024-06-18,600436,buy,214.91018086,600,0.0,32.268763656128996,
2024-06-18,600276,buy,41.61300318,3400,0.0,35.406423755703,
2024-07-02,600161,sell,24.6262488,5700,-391.6832574720029,315.83164086,
2024-07-02,600584,sell,30.57321766,5300,20365.82651441652,364.5856205955,
2024-07-02,600039,sell,7.07504912,19600,-2882.8894800159906,312.009666192,
2024-07-02,600415,sell,7.26028333,18100,-10080.81623587024,295.67503861425007,
2024-07-02,601059,sell,13.98125349,9300,-12213.048665327238,292.55772927825006,
2024-07-02,600809,sell,197.1522816,600,-11298.06738683999,266.15558016000006,
2024-07-02,600436,sell,202.55992164,600,-7812.557534729989,273.455894214,
2024-07-02,600276,sell,37.15128018,3400,-15595.54970418899,284.20729337700004,
2024-07-02,600938,buy,32.1104049,4200,0.0,33.749641070144996,
2024-07-02,600050,buy,4.4661228,30700,0.0,34.31176998249,
2024-07-02,600941,buy,102.00608516,1300,0.0,33.185129654677,
2024-07-02,600150,buy,40.5567402,3300,0.0,33.492769975665,
2024-07-02,600036,buy,30.916881,4400,0.0,34.0425776691,
2024-07-02,601100,buy,44.86356661,3000,0.0,33.6813226324575,
2024-07-02,600010,buy,1.43,95900,0.0,34.31853425,
2024-07-16,601127,sell,76.7848494,1500,-19352.32424989497,259.148866725,
2024-07-16,601138,sell,26.05907318,5200,-6170.388058197976,304.89115620600006,
2024-07-16,600938,sell,31.546473,4200,-2801.4918504300003,298.11416985,
2024-07-16,600050,sell,4.5320782,30700,1574.667508375016,313.05330166500005,
2024-07-16,600941,sell,103.4857915,1300,1488.314391154534,302.69594013750003,
2024-07-16,600150,sell,41.13894158,3300,1481.970670108538,305.45664123150004,
2024-07-16,600036,sell,31.57351116,4400,2440.5606671159912,312.577760484,
2024-07-16,601100,sell,41.69637838,3000,-9917.605943895003,281.450554065,
2024-07-16,600010,sell,1.42,95900,-1402.5374999999767,306.4005,
2024-07-16,600183,buy,22.9428396,5800,0.0,33.300384537419994,
2024-07-16,600482,buy,22.06139992,6000,0.0,33.12519197987999,
2024-07-16,600584,buy,35.86952238,3700,0.0,33.212487509701496,
2024-07-16,600547,buy,30.33396044,4400,0.0,33.400723840484,
2024-07-16,600029,buy,5.79,23100,0.0,33.47068725,
2024-07-16,600030,buy,17.78190613,7500,0.0,33.37441506774374,
2024-07-16,600809,buy,186.59314154,700,0.0,32.6864535692695,
2024-07-16,600066,buy,22.2700114,6000,0.0,33.4384221171,
2024-07-16,600104,buy,14.04844848,9500,0.0,33.398430205139995,
2024-07-16,600161,buy,24.32027136,5500,0.0,33.47381349312,
2024-07-30,600183,sell,18.7290468,5800,-24817.480770419992,244.41406074000002,止损
2024-07-30,600584,sell,32.67381972,3700,-12228.826623974994,272.009549169,
2024-07-30,600547,sell,28.22086372,4400,-9710.481544763985,279.386550828,
2024-07-30,600029,sell,5.82,23100,256.7565000000177,302.4945,
2024-07-30,600030,sell,17.96228852,7500,916.3900102500338,303.1136187750001,
2024-07-30,600066,sell,20.20505816,6000,-12796.107793559975,272.76828516000006,
2024-07-30,600104,sell,13.9807218,9500,-1075.701649034978,298.837928475,
2024-07-30,600161,sell,23.61948432,5500,-4280.38133093997,292.29111846000006,
2024-07-30,600460,buy,21.70484642,5800,0.0,31.503499336308995,
2024-07-30,600660,buy,43.46206326,2900,0.0,31.541505859363497,
2024-07-30,600905,buy,4.72886472,26700,0.0,31.596737178005995,
2024-07-30,600926,buy,12.6107218,10000,0.0,31.558331304499998,
2024-07-30,600372,buy,12.6024259,10000,0.0,31.537570814749998,
2024-07-30,600989,buy,14.00589111,9000,0.0,31.544768252497498,
2024-07-30,600690,buy,23.9581993,5200,0.0,31.176804749089996,
2024-07-30,600377,buy,12.65013888,10000,0.0,31.656972547199995,
2024-08-13,600482,sell,22.27575051,6000,853.0125085950422,300.72263188500006,
2024-08-13,600460,sell,20.37699703,5800,-8093.334382477478,265.91981124150004,
2024-08-13,600660,sell,43.06982364,2900,-1544.5654807049723,281.03059925100007,
2024-08-13,600905,sell,4.56446656,26700,-4789.90188861599,274.210328592,
2024-08-13,600926,sell,12.0498298,10000,-6006.148388499991,271.1211705,
2024-08-13,600372,sell,12.28488446,10000,-3577.848559349979,276.40990035000004,
2024-08-13,600690,sell,23.47718526,5200,-2900.538711901987,274.68306754200006,
2024-08-13,600377,sell,12.94027968,10000,2483.750318400009,291.1562928,
2024-08-13,601136,buy,20.4583896,6000,0.0,30.718271984399998,
2024-08-13,601127,buy,76.44885392,1600,0.0,30.610121109568,
2024-08-13,600029,buy,5.65,22000,0.0,31.106074999999997,
2024-08-13,601100,buy,45.23849855,2700,0.0,30.566522507771246,
2024-08-13,600196,buy,23.29632873,5300,0.0,30.898503202817245,
2024-08-13,600150,buy,38.97151526,3100,0.0,30.23312725082649,
2024-08-13,600066,buy,20.0476402,6200,0.0,31.104916152309997,
2024-08-27,600809,sell,169.74779322,700,-12189.71179739949,267.3527743215,
2024-08-27,600989,sell,14.67694681,9000,5616.240107107515,297.20817290250005,
2024-08-27,601136,sell,18.50150016,6000,-12113.857229760004,249.77025216,
2024-08-27,601127,sell,74.67005432,1600,-3237.2097218239796,268.81219555200005,
2024-08-27,600029,sell,5.66,22000,-184.4699999999866,280.17,
2024-08-27,600196,sell,22.0410747,5300,-7039.156717066493,262.8398157975,
2024-08-27,600150,sell,38.01929702,3100,-3337.8728380204557,265.18459671450006,
2024-08-27,600066,sell,19.74206416,6200,-2294.268612271975,275.40179503200005,
2024-08-27,600028,buy,6.7357734,18000,0.0,30.3412912803,
2024-08-27,600276,buy,43.4431708,2800,0.0,30.44062977956,
2024-08-27,600938,buy,27.341517,4400,0.0,30.105744368699995,
2024-08-27,600377,buy,14.27492736,8500,0.0,30.36455486064,
2024-08-27,600233,buy,14.2944858,8500,0.0,30.406158107325,
2024-08-27,600926,buy,12.4985434,9700,0.0,30.339276712744997,
2024-08-27,601058,buy,12.06139836,10000,0.0,30.183649395899998,
2024-08-27,601088,buy,38.5211673,3100,0.0,29.8837585621575,
2024-09-10,600028,sell,6.097845,18000,-11850.91784369998,246.96272250000004,
2024-09-10,600276,sell,44.32000544,2800,2054.280079488017,279.21603427200006,
2024-09-10,600938,sell,24.020346,4400,-14971.256500199976,237.80142540000003,
2024-09-10,600377,sell,13.82037344,8500,-4249.359844599996,264.31464204,
2024-09-10,600233,sell,15.1210377,8500,6614.998174687513,289.1898460125,
2024-09-10,600926,sell,11.2739292,9700,-12246.047115769994,246.05350479,
2024-09-10,601088,sell,34.63209981,3100,-12417.083733804742,241.55889617475003,
2024-09-10,601066,buy,19.22718048,6000,0.0,28.86961149072,
2024-09-10,600160,buy,14.81465986,7800,0.0,28.917475313727,
2024-09-10,600415,buy,8.42939526,13700,0.0,28.899549444265492,
2024-09-10,600674,buy,17.66174128,6500,0.0,28.729029909579996,
2024-09-10,601127,buy,75.01593202,1500,0.0,28.159105482007497,
2024-09-10,600010,buy,1.39,83300,0.0,28.975696749999994,
2024-09-10,600741,buy,14.96524047,7700,0.0,28.836895992654743,
2024-09-10,600482,buy,22.14755894,5200,0.0,28.820618448621996,
2024-09-26,601100,sell,53.15153581,2700,20920.161075869255,322.89558004575,
2024-09-26,601058,sell,13.81193624,10000,17073.99625099999,310.7685654,
2024-09-26,600160,sell,19.12778868,7800,33191.157757758,335.692691334,
2024-09-26,600415,sell,8.87149641,13700,5667.839163099794,273.46387683825003,
2024-09-26,600674,sell,17.2131272,6500,-3282.5348236199934,251.7419853,
2024-09-26,600010,sell,1.52,83300,10428.327000000034,284.886,
2024-09-26,600741,sell,15.6067447,7700,4553.963367453529,270.3868519275,
2024-09-26,600482,sell,21.25021795,5200,-5029.968004502982,248.62755001500003,
2024-09-26,600061,buy,6.93097485,18400,0.0,31.91436679431,
2024-09-26,600030,buy,21.88050336,5800,0.0,31.758456601872,
2024-09-26,600809,buy,174.7318527,700,0.0,30.608652296722497,
2024-09-26,600570,buy,18.8309772,6800,0.0,32.044673901239996,
2024-09-26,600600,buy,63.51567333,2000,0.0,31.789594501664997,
2024-09-26,600036,buy,33.05921352,3800,0.0,31.437659096844,
2024-09-26,600999,buy,16.134951,7900,0.0,31.898394753225,
2024-10-17,600061,sell,7.20624761,18400,4639.150195706039,298.3386510540001,
2024-10-17,600030,sell,25.46236512,5800,20315.607423696012,332.28386481600006,
2024-10-17,600600,sell,64.95987222,2000,2469.0470083500113,292.31942499,
2024-10-17,600036,sell,35.96520996,3800,10609.658915466018,307.5025451580001,
2024-10-17,600999,sell,18.4871547,7900,18126.333942307494,328.6091747925,
2024-10-17,600039,buy,8.554716,16100,0.0,34.4671646319,
2024-10-17,600415,buy,10.84621488,12700,0.0,34.471168976243995,
2024-10-17,600584,buy,36.835202,3700,0.0,34.106634411849996,
2024-10-17,601100,buy,53.70406709,2500,0.0,33.59860697318125,
2024-10-17,600926,buy,13.461408,10200,0.0,34.36091699039999,
2024-10-17,600760,buy,45.15556485,3000,0.0,33.90054031113749,
2024-10-31,601066,sell,25.07807454,6000,34651.44727083,338.5540062900001,
2024-10-31,600570,sell,26.71208988,6800,53054.820603876055,408.6949751640001,
2024-10-31,600039,sell,7.30396755,16100,-20539.36719709875,264.58622449875,
2024-10-31,600415,sell,10.47288502,12700,-5178.298840422474,299.2626894465,
2024-10-31,601100,sell,50.96114395,2500,-7278.224452443741,286.65643471875,
2024-10-31,600926,sell,12.9379088,10200,-5773.923208559951,296.9250069600001,
2024-10-31,600760,sell,45.88754991,3000,1750.7475235575403,309.7409618925,
2024-10-31,600438,buy,30.75,4500,0.0,34.62834375,
2024-10-31,600460,buy,31.01975981,4500,0.0,34.93212701603625,
2024-10-31,601012,buy,19.74,7100,0.0,35.0735385,
2024-10-31,600089,buy,13.83669632,10200,0.0,35.31885919161599,
2024-10-31,600111,buy,21.4333896,6500,0.0,34.8640873581,
2024-10-31,600030,buy,27.37009584,5100,0.0,34.931769068196004,
2024-10-31,600010,buy,1.71,82500,0.0,35.30401875,
2024-11-14,600584,sell,42.89807714,3700,21939.221278409503,357.1264921905,
2024-11-14,600438,sell,28.9,4500,-8755.987500000003,292.6125,
2024-11-14,600460,sell,31.12958194,4500,39.4236487125163,315.18701714250005,
2024-11-14,601012,sell,19.19,7100,-4351.71424999999,306.56025000000005,
2024-11-14,600089,sell,14.0130848,10200,1336.4278973760083,321.60029616,
2024-11-14,600111,sell,24.1000788,6500,16841.699115149997,352.46365245000004,
2024-11-14,600030,sell,31.79875644,5100,22081.690841067,364.89073014900003,
2024-11-14,600010,sell,1.96,82500,20120.100000000006,363.82500000000005,
2024-11-14,600104,buy,16.63425984,8900,0.0,37.04823937214399,
2024-11-14,600050,buy,5.30145289,28100,0.0,37.27994925880225,
2024-11-14,600760,buy,51.56537997,2800,0.0,36.131861744979,
2024-11-14,600482,buy,23.49850087,6300,0.0,37.047149009120254,
2024-11-14,600941,buy,99.3316767,1500,0.0,37.2866281412625,
2024-11-14,600690,buy,28.59248816,5200,0.0,37.207404842608,
2024-11-14,600161,buy,21.90206256,6800,0.0,37.270739858351995,
2024-11-14,600588,buy,13.1,11300,0.0,37.044507499999995,
2024-11-28,601127,sell,117.80594462,1500,63674.89993887751,397.5950630925001,
2024-11-28,600809,sell,193.88570919,700,12980.017254135775,305.36999197425,
2024-11-28,600050,sell,4.96223744,28100,-9994.66243335299,313.737462144,
2024-11-28,600760,sell,48.26155551,2800,-9699.139351628983,304.0477997130001,
2024-11-28,600482,sell,22.0275554,6300,-9727.237614276004,312.24059779500004,
2024-11-28,600941,sell,101.62188225,1500,2943.3369573562813,342.97385259375005,
2024-11-28,600690,sell,26.9397984,5200,-9057.863331711997,315.19564128,
2024-11-28,600161,sell,21.06309216,6800,-6176.198055455985,322.26531004800006,
2024-11-28,600588,sell,12.78,11300,-4088.961499999976,324.9315,
2024-11-28,600176,buy,10.98735814,13200,0.0,36.294540143861994,
2024-11-28,601009,buy,10.15287876,14300,0.0,36.332838108566996,
2024-11-28,600029,buy,6.79,21400,0.0,36.3628265,
2024-11-28,600415,buy,12.95847593,11200,0.0,36.320016336604,
2024-11-28,601111,buy,8.36,17400,0.0,36.402365999999994,
2024-11-28,600377,buy,13.4915472,10700,0.0,36.12597864876,
2024-11-28,600276,buy,49.5212291,2900,0.0,35.938793988597496,
2024-11-28,600674,buy,16.05258208,9000,0.0,36.154427989679995,
2024-11-28,600115,buy,4.12,35300,0.0,36.395359,
2024-12-12,600104,sell,17.33067024,8900,5702.9609758680745,347.0466715560001,
2024-12-12,600176,sell,11.56921294,13200,7191.844608234009,343.605624318,
2024-12-12,601009,sell,10.16244792,14300,-335.3239400939783,326.97676182600003,
2024-12-12,600029,sell,7.19,21400,8068.495500000019,346.1985,
2024-12-12,601111,sell,8.79,17400,6992.407500000001,344.1285,
2024-12-12,600377,sell,13.55924672,10700,253.5864441760059,326.43886478400003,
2024-12-12,600276,sell,47.86720012,2900,-5252.6290871729725,312.333480783,
2024-12-12,600674,sell,16.4816912,9000,3383.7545944800368,333.7542468000001,
2024-12-12,600115,sell,4.31,35300,6219.24225000001,342.32175000000007,
2024-12-12,600519,buy,1486.7411922,100,0.0,37.20569833480499,
2024-12-12,600600,buy,77.45364651,1900,0.0,36.82727257434225,
2024-12-12,600809,buy,202.82031194,700,0.0,35.529048144089494,
2024-12-12,601127,buy,135.29747402,1100,0.0,37.2440121608555,
2024-12-12,601100,buy,55.62805994,2600,0.0,36.194397199960996,
2024-12-12,600346,buy,15.0016759,9900,0.0,37.1662770003525,
2024-12-12,600183,buy,22.0787208,6700,0.0,37.01883919733999,
2024-12-12,601059,buy,16.29068268,9100,0.0,37.098364400097,
2024-12-12,600887,buy,28.52780916,5200,0.0,37.123238059908,
2024-12-26,600415,sell,13.46934837,11200,5237.20881866003,339.4275789240001,
2024-12-26,600600,sell,77.42456868,1900,-533.3998364760191,330.990031107,
2024-12-26,600809,sell,182.48805379,700,-14661.973608077213,287.41868471925005,
2024-12-26,601100,sell,53.4771346,2600,-6049.880077253969,312.84123741,
2024-12-26,600346,sell,14.72190188,9900,-3246.2097537869995,327.93036437700005,
2024-12-26,600183,sell,25.0691544,6700,19510.060188060015,377.91750258,
2024-12-26,600887,sell,28.28244924,5200,-1755.1208477400069,330.90465610800004,
2024-12-26,600845,buy,29.58230444,5000,0.0,37.01485843055,
2024-12-26,601138,buy,22.75713185,6500,0.0,37.01731959550625,
2024-12-26,600938,buy,27.46613919,5400,0.0,37.1163671944065,
2024-12-26,600584,buy,39.75215178,3700,0.0,36.807511136896494,
2024-12-26,600000,buy,10.03566278,14800,0.0,37.16908423828599,
2024-12-26,600036,buy,36.89026992,4000,0.0,36.927160189919995,
2024-12-26,600875,buy,15.65532712,9500,0.0,37.21858331191,
2025-01-10,601059,sell,13.35318183,9100,-27152.909345357213,273.40639796925007,止损
2025-01-10,600519,sell,1384.815216,100,-10652.855162819964,311.58342360000006,
2025-01-10,600845,sell,26.04688212,5000,-18118.050546049984,293.02742385000005,
2025-01-10,601138,sell,19.26503875,6500,-23128.277698743754,281.75119171875,
2025-01-10,600938,sell,26.91357725,5400,-3459.1515912135073,326.9999635875,
2025-01-10,600000,sell,9.83184371,14800,-3492.450440686982,327.400395543,
2025-01-10,600036,sell,36.42306792,4000,-2344.176690959983,327.80761128000006,
2025-01-10,600875,sell,14.10645944,9500,-15164.494138170005,301.52557053000004,
2025-01-10,600026,buy,11.87168544,11400,0.0,33.868137807504,
2025-01-10,600160,buy,24.7239993,5500,0.0,34.0294945365375,
2025-01-10,600183,buy,24.6904956,5500,0.0,33.983380881449996,
2025-01-10,601100,buy,51.98727347,2600,0.0,33.8255194832555,
2025-01-10,600066,buy,26.111394,5200,0.0,33.9787570122,
2025-01-10,600111,buy,21.1137864,6400,0.0,33.81584029823999,
2025-01-10,600547,buy,23.96525071,5600,0.0,33.584902344994,
2025-01-10,600276,buy,42.51651601,3200,0.0,34.047226020808,
2025-01-24,600584,sell,40.44903398,3700,2094.642970530549,336.7382078835001,
2025-01-24,600026,sell,12.4398024,11400,6022.115198424028,319.08093156000007,
2025-01-24,600160,sell,25.24710188,5500,2428.649308085005,312.43288576500004,
2025-01-24,600066,sell,27.46426695,5200,6577.828167884989,321.331923315,
2025-01-24,600111,sell,21.5033028,6400,2048.1291667200276,309.6475603200001,
2025-01-24,600547,sell,24.52004775,5600,2663.705418374011,308.9526016500001,
2025-01-24,601138,buy,22.77664075,6200,0.0,35.3390969556625,
2025-01-24,600588,buy,10.9,13000,0.0,35.460425,
2025-01-24,600161,buy,20.45113728,6900,0.0,35.313490019808,
2025-01-24,601058,buy,14.94509974,9400,0.0,35.156105373388996,
2025-01-24,600845,buy,28.80099564,4900,0.0,35.316500878659,
2025-01-24,600406,buy,22.72757872,6200,0.0,35.262974763016,
2025-02-17,601127,sell,119.9430588,1100,-17335.54303395198,296.85907053000005,
2025-02-17,600183,sell,31.2830424,5500,35736.08202450001,387.1276497,
2025-02-17,601138,sell,22.3376905,6200,-3174.3175051249855,311.61078247500006,
2025-02-17,600161,sell,20.3326944,6900,-1274.0337997919705,315.6650805600001,
2025-02-17,601058,sell,14.70216899,9400,-2734.9838616944617,310.95087413850007,
2025-02-17,600406,sell,23.01995752,6200,1350.7091645319888,321.128407404,
2025-02-17,600050,buy,6.30940737,22800,0.0,35.999585631009,
2025-02-17,600570,buy,34.50353124,4100,0.0,35.401485640521,
2025-02-17,600809,buy,189.02603278,700,0.0,33.1126352922365,
2025-02-17,601059,buy,14.97627552,9600,0.0,35.979004309248,
2025-02-17,600519,buy,1419.16557672,100,0.0,35.514618557418,
2025-02-17,600196,buy,25.82660457,5500,0.0,35.54709286503375,
