date,code,action,price,shares,pnl,reason
2023-01-03,600050,buy,4.5206128,22100,0.0,
2023-01-03,600027,buy,5.78279542,17200,0.0,
2023-01-03,600436,buy,274.03816428,300,0.0,
2023-01-03,600276,buy,37.97902752,2600,0.0,
2023-01-03,600161,buy,19.8933169,5000,0.0,
2023-01-03,600309,buy,87.1816176,1100,0.0,
2023-01-03,600085,buy,43.39387283,2300,0.0,
2023-01-03,600026,buy,11.69194006,8500,0.0,
2023-01-03,600011,buy,7.45988936,13400,0.0,
2023-01-03,600406,buy,19.56767616,5100,0.0,
2023-01-17,600027,sell,4.92476086,17200,-14758.194432000004,
2023-01-17,600161,sell,20.14657884,5000,1266.309699999998,
2023-01-17,600309,sell,90.2480706,1100,3373.0983000000124,
2023-01-17,600085,sell,44.31084659,2300,2109.039647999991,
2023-01-17,600011,sell,6.58281008,13400,-11752.862352000011,
2023-01-17,600406,sell,21.1879296,5100,8263.292543999996,
2023-01-17,600025,buy,6.24148712,16200,0.0,
2023-01-17,600009,buy,61.49289865,1600,0.0,
2023-01-17,600015,buy,4.26146556,23700,0.0,
2023-01-17,600023,buy,3.18269,31800,0.0,
2023-01-17,600377,buy,7.33606118,13800,0.0,
2023-01-17,600150,buy,23.30258272,4300,0.0,
2023-02-07,600050,sell,4.6031392,22100,1823.8334400000022,
2023-02-07,600436,sell,286.6067739,300,3770.582886000004,
2023-02-07,600025,sell,6.28848627,16200,761.3862300000037,
2023-02-07,600009,sell,58.9799912,1600,-4020.6519199999893,
2023-02-07,600015,sell,4.2449802,23700,-390.70303200001945,
2023-02-07,600023,sell,3.3736514,31800,6072.5725200000015,
2023-02-07,600150,sell,23.26313696,4300,-169.6167679999926,
2023-02-07,600372,buy,17.60288688,5600,0.0,
2023-02-07,600219,buy,3.12189245,31800,0.0,
2023-02-07,600309,buy,92.50309296,1000,0.0,
2023-02-07,600111,buy,28.76164928,3400,0.0,
2023-02-07,600161,buy,18.57798876,5300,0.0,
2023-02-07,600016,buy,2.84102376,35000,0.0,
2023-02-07,600039,buy,7.43224468,13300,0.0,
2023-02-21,600276,sell,43.966356,2600,15567.05404799999,
2023-02-21,600026,sell,14.10839826,8500,20539.89469999999,
2023-02-21,600377,sell,7.24724688,13800,-1225.6373400000011,
2023-02-21,600372,sell,16.89215085,5600,-3980.1217679999972,
2023-02-21,600111,sell,29.42340426,3400,2249.9669320000103,
2023-02-21,600161,sell,18.73321382,5300,822.6928179999959,
2023-02-21,600016,sell,2.85754134,35000,578.1152999999904,
2023-02-21,600039,sell,7.5034234,13300,946.6769760000025,
2023-02-21,600066,buy,8.11200348,12900,0.0,
2023-02-21,600415,buy,5.09285224,20600,0.0,
2023-02-21,600438,buy,36.96560704,2800,0.0,
2023-02-21,600050,buy,5.0157712,20900,0.0,
2023-02-21,600031,buy,18.16855506,5700,0.0,
2023-02-21,600019,buy,5.90274867,17700,0.0,
2023-02-21,600233,buy,17.07232992,6100,0.0,
2023-02-21,600089,buy,15.3309198,6800,0.0,
2023-03-07,600219,sell,3.06202054,31800,-1903.9267379999947,
2023-03-07,600309,sell,96.8527386,1000,4349.645639999988,
2023-03-07,600066,sell,8.25831216,12900,1887.3819719999738,
2023-03-07,600415,sell,4.91232203,20600,-3718.9223259999853,
2023-03-07,600438,sell,36.11622976,2800,-2378.256383999993,
2023-03-07,600031,sell,17.17805751,5700,-5645.836035000015,
2023-03-07,600019,sell,5.97397339,17700,1260.6775440000056,
2023-03-07,600233,sell,16.5668991,6100,-3083.128002000012,
2023-03-07,600089,sell,15.27440028,6800,-384.33273599999666,
2023-03-07,600028,buy,4.53744432,22400,0.0,
2023-03-07,600377,buy,7.66467409,13200,0.0,
2023-03-07,600482,buy,16.60738464,6100,0.0,
2023-03-07,600016,buy,2.84928255,35700,0.0,
2023-03-07,600489,buy,8.70680678,11700,0.0,
2023-03-07,600015,buy,4.43456184,22900,0.0,
2023-03-07,600150,buy,25.5904368,3900,0.0,
2023-03-07,600018,buy,4.91338718,20700,0.0,
2023-03-07,600000,buy,6.54855385,15500,0.0,
2023-03-21,600050,sell,5.1166368,20900,2108.091040000014,
2023-03-21,600028,sell,4.80486024,22400,5990.116608000011,
2023-03-21,600377,sell,7.79789554,13200,1758.5231400000048,
2023-03-21,600482,sell,16.49967165,6100,-657.049239,
2023-03-21,600016,sell,2.8079886,35700,-1474.194015000001,
2023-03-21,600489,sell,9.26374538,11700,6516.1816199999885,
2023-03-21,600015,sell,4.4098338,22900,-566.2721159999783,
2023-03-21,600150,sell,24.77193728,3900,-3192.1481280000007,
2023-03-21,600000,sell,6.38730355,15500,-2499.3796500000026,
2023-03-21,600276,buy,41.1011328,2500,0.0,
2023-03-21,600161,buy,20.41618026,5000,0.0,
2023-03-21,600372,buy,17.47631745,5900,0.0,
2023-03-21,600436,buy,271.6441434,300,0.0,
2023-03-21,600025,buy,6.65507964,15500,0.0,
2023-03-21,600023,buy,3.4918656,29500,0.0,
2023-03-21,600406,buy,21.27361608,4800,0.0,
2023-03-21,600039,buy,7.74661736,13300,0.0,
2023-03-21,600460,buy,35.38821195,2900,0.0,
2023-04-04,600018,sell,5.03123595,20700,2439.4695390000124,
2023-04-04,600276,sell,42.6325452,2500,3828.5310000000027,
2023-04-04,600161,sell,20.6694422,5000,1266.309699999998,
2023-04-04,600372,sell,17.35948413,5900,-689.3165880000015,
2023-04-04,600025,sell,6.55168151,15500,-1602.6710150000144,
2023-04-04,600406,sell,20.9542392,4800,-1533.009023999999,
2023-04-04,600039,sell,8.38722584,13300,8520.092783999993,
2023-04-04,600066,buy,9.61573158,11200,0.0,
2023-04-04,600415,buy,5.78646831,18600,0.0,
2023-04-04,600085,buy,53.83400116,2000,0.0,
2023-04-04,600489,buy,10.10843559,10600,0.0,
2023-04-04,600196,buy,32.0352445,3300,0.0,
2023-04-04,600115,buy,5.49,19600,0.0,
2023-04-04,600009,buy,55.95863555,1900,0.0,
2023-04-19,600436,sell,264.46208076,300,-2154.6187920000084,
2023-04-19,600460,sell,37.61801771,2900,6466.4367039999925,
2023-04-19,600085,sell,52.2484007,2000,-3171.200920000003,
2023-04-19,600489,sell,10.94384349,10600,8855.323740000022,
2023-04-19,600196,sell,32.0834178,3300,158.9718900000007,
2023-04-19,600115,sell,5.32,19600,-3332.0,
2023-04-19,600009,sell,54.06173265,1900,-3604.1155099999887,
2023-04-19,600276,buy,48.07646928,2100,0.0,
2023-04-19,600015,buy,4.739541,21900,0.0,
2023-04-19,600309,buy,90.96514884,1100,0.0,
2023-04-19,600000,buy,6.74563755,15400,0.0,
2023-04-19,600016,buy,2.94838803,35200,0.0,
2023-04-19,600036,buy,29.6472925,3500,0.0,
2023-04-19,600176,buy,14.5235688,7100,0.0,
2023-05-08,600066,sell,11.3389227,11200,19299.740543999986,
2023-05-08,600276,sell,45.95225208,2100,-4460.856119999997,
2023-05-08,600309,sell,84.36048084,1100,-7265.1348,
2023-05-08,600000,sell,7.22938845,15400,7449.763860000006,
2023-05-08,600036,sell,29.730806,3500,292.2972500000178,
2023-05-08,600176,sell,13.96637528,7100,-3956.0739919999905,
2023-05-08,600482,buy,18.85956534,5600,0.0,
2023-05-08,600150,buy,27.28660448,3900,0.0,
2023-05-08,600377,buy,9.49424867,11200,0.0,
2023-05-08,600436,buy,290.74804389,300,0.0,
2023-05-08,600030,buy,21.09344084,5000,0.0,
2023-05-08,600085,buy,59.15435933,1700,0.0,
2023-05-22,600023,sell,4.4193924,29500,27362.040600000008,
2023-05-22,600415,sell,7.82931016,18600,37996.858410000015,
2023-05-22,600015,sell,4.97033604,21900,5054.411376000004,
2023-05-22,600016,sell,3.34480995,35200,13954.051584000015,
2023-05-22,600377,sell,8.44623993,11200,-11737.697887999995,
2023-05-22,600030,sell,19.8012468,5000,-6460.970199999982,
2023-05-22,600085,sell,57.05296113,1700,-3572.376940000002,
2023-05-22,600346,buy,14.83971972,7800,0.0,
2023-05-22,600011,buy,9.0537216,12900,0.0,
2023-05-22,600276,buy,48.1159896,2400,0.0,
2023-05-22,600406,buy,21.67088976,5400,0.0,
2023-05-22,600161,buy,22.058298,5300,0.0,
2023-05-22,600426,buy,28.5766393,4100,0.0,
2023-05-22,600025,buy,7.08747182,16500,0.0,
2023-06-05,600482,sell,18.02723769,5600,-4661.0348400000075,
2023-06-05,600150,sell,28.24316416,3900,3730.582752000002,
2023-06-05,600436,sell,289.0201014,300,-518.3827470000106,
2023-06-05,600011,sell,9.31778848,12900,3406.4627520000213,
2023-06-05,600406,sell,20.837394,5400,-4500.877104000014,
2023-06-05,600426,sell,27.8415489,4100,-3013.8706400000083,
2023-06-05,600025,sell,6.85247607,16500,-3877.4298750000016,
2023-06-05,600415,buy,8.77921128,12400,0.0,
2023-06-05,600309,buy,81.2263855,1300,0.0,
2023-06-05,600023,buy,4.7103812,23100,0.0,
2023-06-05,600219,buy,2.64291717,41100,0.0,
2023-06-05,600027,buy,6.14030982,17700,0.0,
2023-06-05,600460,buy,31.88835302,3400,0.0,
2023-06-05,600183,buy,14.45160308,7500,0.0,
2023-06-19,600346,sell,13.56588413,7800,-9935.917601999987,
2023-06-19,600276,sell,46.48123872,2400,-3923.402111999996,
2023-06-19,600161,sell,21.8132058,5300,-1298.9886600000027,
2023-06-19,600415,sell,8.89409736,12400,1424.5873920000013,
2023-06-19,600023,sell,4.3375518,23100,-8612.359139999986,
2023-06-19,600219,sell,2.6515818,41100,356.1162930000137,
2023-06-19,600027,sell,5.65766538,17700,-8542.806587999992,
2023-06-19,600460,sell,30.87998619,3400,-3428.4472220000025,
2023-06-19,600150,buy,29.7322416,3600,0.0,
2023-06-19,600031,buy,16.0659358,6700,0.0,
2023-06-19,600026,buy,12.42617159,8600,0.0,
2023-06-19,600438,buy,32.9686504,3200,0.0,
2023-06-19,600426,buy,28.94170188,3700,0.0,
2023-06-19,600233,buy,14.01304671,7600,0.0,
2023-06-19,600406,buy,21.8500524,4900,0.0,
2023-06-19,600104,buy,13.3784571,8000,0.0,
2023-07-05,600309,sell,82.98548947,1300,2286.8351609999954,
2023-07-05,600183,sell,14.51806906,7500,498.49485000000277,
2023-07-05,600150,sell,30.55074112,3600,2946.598272000003,
2023-07-05,600031,sell,15.90384624,6700,-1086.0000519999885,
2023-07-05,600438,sell,31.41605698,3200,-4968.298944000009,
2023-07-05,600426,sell,29.63034081,3700,2547.9640409999993,
2023-07-05,600233,sell,14.48871021,7600,3615.0426000000007,
2023-07-05,600104,sell,13.58646138,8000,1664.0342399999936,
2023-07-05,600111,buy,26.35010631,4100,0.0,
2023-07-05,600276,buy,48.77158986,2200,0.0,
2023-07-05,600010,buy,1.91,56900,0.0,
2023-07-05,600482,buy,21.57197427,5000,0.0,
2023-07-05,600188,buy,12.35066099,8800,0.0,
2023-07-05,600161,buy,21.04525024,5100,0.0,
2023-07-05,600066,buy,13.11771305,8200,0.0,
2023-07-05,600009,buy,45.8776722,2300,0.0,
2023-07-19,600111,sell,23.86330881,4100,-10195.869750000013,
2023-07-19,600276,sell,46.29285486,2200,-5453.217000000004,
2023-07-19,600010,sell,1.81,56900,-5690.0,
2023-07-19,600482,sell,22.13991549,5000,2839.7061000000103,
2023-07-19,600188,sell,12.2792268,8800,-628.6208719999995,
2023-07-19,600161,sell,20.30916828,5100,-3754.017995999995,
2023-07-19,600066,sell,12.48595697,8200,-5180.399856000004,
2023-07-19,600050,buy,4.8359195,21700,0.0,
2023-07-19,600489,buy,10.70405432,9800,0.0,
2023-07-19,600436,buy,274.2899385,300,0.0,
2023-07-19,600372,buy,15.11044272,6900,0.0,
2023-07-19,600160,buy,14.70806991,7100,0.0,
2023-07-19,600309,buy,87.61875785,1200,0.0,
2023-07-19,600346,buy,13.8541243,7500,0.0,
2023-08-02,600026,sell,13.17503986,8600,6440.267122000005,
2023-08-02,600406,sell,22.29973536,4900,2203.446504000007,
2023-08-02,600050,sell,4.715715,21700,-2608.4376499999926,
2023-08-02,600489,sell,10.16123306,9800,-5319.648347999973,
2023-08-02,600372,sell,14.7015261,6900,-2821.5246780000016,
2023-08-02,600160,sell,14.35436883,7100,-2511.277667999995,
2023-08-02,600346,sell,14.26323938,7500,3068.3631000000023,
2023-08-02,600030,buy,22.1718186,4900,0.0,
2023-08-02,600016,buy,3.45559896,31400,0.0,
2023-08-02,600019,buy,5.8881745,18400,0.0,
2023-08-02,600018,buy,4.92245247,22000,0.0,
2023-08-02,600219,buy,2.8162225,38600,0.0,
2023-08-02,600015,buy,5.0560374,21500,0.0,
2023-08-02,600010,buy,1.91,56900,0.0,
2023-08-16,600309,sell,90.09880607,1200,2976.057864000002,
2023-08-16,600030,sell,22.32056036,4900,728.8346239999955,
2023-08-16,600016,sell,3.47305148,31400,548.0091280000051,
2023-08-16,600019,sell,5.69794117,18400,-3500.2932719999953,
2023-08-16,600018,sell,4.83058731,22000,-2021.0335199999972,
2023-08-16,600219,sell,2.7382348,38600,-3010.325219999999,
2023-08-16,600015,sell,4.985447,21500,-1517.6936000000132,
2023-08-16,600010,sell,1.83,56900,-4552.0,
2023-08-16,600025,buy,6.96424689,15300,0.0,
2023-08-16,600085,buy,55.4555854,1900,0.0,
2023-08-16,600188,buy,11.43377184,9300,0.0,
2023-08-16,600160,buy,16.00497387,6600,0.0,
2023-08-16,600115,buy,4.65,23000,0.0,
2023-08-16,600276,buy,40.66116894,2600,0.0,
2023-08-16,600377,buy,8.92031172,11900,0.0,
2023-08-16,600026,buy,12.75246196,8300,0.0,
2023-08-30,600009,sell,38.51495115,2300,-16934.25841499999,止损
2023-08-30,600436,sell,270.09172205,300,-1259.4649349999963,
2023-08-30,600025,sell,6.91608474,15300,-736.8808950000093,
2023-08-30,600085,sell,53.22582876,1900,-4236.537616000001,
2023-08-30,600160,sell,15.73969806,6600,-1750.8203459999932,
2023-08-30,600115,sell,4.37,23000,-6440.000000000015,
2023-08-30,600377,sell,8.94830433,11900,333.1120589999773,
2023-08-30,600026,sell,12.75246196,8300,0.0,
2023-08-30,600039,buy,7.94282736,12600,0.0,
2023-08-30,600066,buy,10.69598141,9300,0.0,
2023-08-30,600489,buy,10.475498,9500,0.0,
2023-08-30,600015,buy,4.9501518,20200,0.0,
2023-08-30,600161,buy,20.23549536,4900,0.0,
2023-08-30,600048,buy,13.74713275,7200,0.0,
2023-08-30,600023,buy,4.001096,25000,0.0,
2023-08-30,600346,buy,13.41711501,7400,0.0,
2023-09-13,600039,sell,7.00421008,12600,-11826.577728000004,
2023-09-13,600066,sell,12.0209143,9300,12321.875876999999,
2023-09-13,600489,sell,10.67548478,9500,1899.874410000004,
2023-09-13,600015,sell,4.9236804,20200,-534.7222800000018,
2023-09-13,600048,sell,12.68464249,7200,-7649.929872000008,
2023-09-13,600346,sell,13.91921079,7400,3715.508772000001,
2023-09-13,600415,buy,9.334494,10700,0.0,
2023-09-13,600018,buy,4.76543488,20900,0.0,
2023-09-13,600436,buy,259.6301157,300,0.0,
2023-09-13,600027,buy,5.10603149,19500,0.0,
2023-09-13,600115,buy,4.48,22300,0.0,
2023-09-13,600176,buy,13.28958604,7500,0.0,
2023-09-27,600188,sell,13.53398932,9300,19532.022564,
2023-09-27,600023,sell,3.864695,25000,-3410.0250000000087,
2023-09-27,600018,sell,4.82127982,20900,1167.1592459999956,
2023-09-27,600027,sell,4.8013316,19500,-5941.647855000003,
2023-09-27,600115,sell,4.42,22300,-1338.0000000000146,
2023-09-27,600176,sell,13.0336525,7500,-1919.5015500000009,
2023-09-27,600438,buy,30.90810975,3400,0.0,
2023-09-27,600026,buy,13.04357118,8100,0.0,
2023-09-27,600089,buy,14.28183039,7400,0.0,
2023-09-27,600482,buy,17.83165643,5900,0.0,
2023-09-27,600309,buy,85.75391539,1200,0.0,
2023-09-27,600183,buy,14.07179748,7500,0.0,
2023-10-19,600415,sell,7.71651504,10700,-17312.374872,止损
2023-10-19,600276,sell,43.04075454,2600,6186.922559999992,
2023-10-19,600436,sell,238.19303355,300,-6431.124644999989,
2023-10-19,600438,sell,28.61755526,3400,-7787.885266000012,
2023-10-19,600089,sell,13.74107143,7400,-4001.61630400001,
2023-10-19,600482,sell,17.35078072,5900,-2837.1666889999906,
2023-10-19,600309,sell,81.56282615,1200,-5029.307088000001,
2023-10-19,600023,buy,3.8283214,25000,0.0,
2023-10-19,600346,buy,13.1102787,7300,0.0,
2023-10-19,600025,buy,7.33991166,13000,0.0,
2023-10-19,600018,buy,4.51413265,21200,0.0,
2023-10-19,600085,buy,46.78644536,2000,0.0,
2023-10-19,600406,buy,21.26628674,4500,0.0,
2023-10-19,600219,buy,2.6082553,36700,0.0,
2023-11-02,600183,sell,16.31265052,7500,16806.397799999977,
2023-11-02,600023,sell,4.0829366,25000,6365.37999999999,
2023-11-02,600025,sell,7.54219269,13000,2629.6533900000068,
2023-11-02,600018,sell,4.71889743,21200,4341.013336000004,
2023-11-02,600406,sell,21.49383506,4500,1023.9674399999931,
2023-11-02,600219,sell,2.6689124,36700,2226.1155699999945,
2023-11-02,600276,buy,47.4925626,2100,0.0,
2023-11-02,600309,buy,83.01432724,1200,0.0,
2023-11-02,600016,buy,3.3159788,31200,0.0,
2023-11-02,600196,buy,27.671472,3700,0.0,
2023-11-02,600426,buy,29.02660257,3500,0.0,
2023-11-02,600436,buy,242.197337,400,0.0,
2023-11-16,600026,sell,12.97783684,8100,-532.4481540000124,
2023-11-16,600346,sell,13.1102787,7300,0.0,
2023-11-16,600085,sell,47.82443552,2000,2075.980319999988,
2023-11-16,600276,sell,46.4019192,2100,-2290.351139999999,
2023-11-16,600309,sell,79.15967865,1200,-4625.5783079999965,
2023-11-16,600016,sell,3.3596101,31200,1361.296559999988,
2023-11-16,600196,sell,27.446739,3700,-831.5120999999926,
2023-11-16,600426,sell,28.61153253,3500,-1452.745139999999,
2023-11-16,600027,buy,4.66283165,21700,0.0,
2023-11-16,600011,buy,7.1675296,14100,0.0,
2023-11-16,600406,buy,21.05770078,4800,0.0,
2023-11-16,600460,buy,25.31899288,4000,0.0,
2023-11-16,600415,buy,7.72608888,13100,0.0,
2023-11-16,600025,buy,7.8022683,13000,0.0,
2023-11-16,600160,buy,14.78667015,6800,0.0,
2023-11-16,600482,buy,17.40966346,5800,0.0,
2023-11-30,600436,sell,245.0672494,400,1147.9649599999975,
2023-11-30,600027,sell,4.72746496,21700,1402.5428269999975,
2023-11-30,600406,sell,20.86807718,4800,-910.1932800000068,
2023-11-30,600460,sell,24.12093328,4000,-4792.238400000002,
2023-11-30,600415,sell,7.6112028,13100,-1505.0076479999989,
2023-11-30,600160,sell,15.61197267,6800,5612.0571359999885,
2023-11-30,600482,sell,17.39003588,5800,-113.83996400001342,
2023-11-30,600150,buy,27.27465448,3700,0.0,
2023-11-30,600104,buy,14.39675712,7000,0.0,
2023-11-30,600018,buy,4.68166747,21500,0.0,
2023-11-30,600085,buy,51.0825713,1900,0.0,
2023-11-30,600015,buy,5.117804,19700,0.0,
2023-11-30,600188,buy,13.7889678,7300,0.0,
2023-11-30,600219,buy,2.4956064,40500,0.0,
2023-12-14,600161,sell,26.2766748,4900,29601.77925599998,
2023-12-14,600011,sell,7.32785592,14100,2260.601112000004,
2023-12-14,600104,sell,13.16800164,7000,-8601.288360000006,
2023-12-14,600018,sell,4.72820492,21500,1000.5551749999868,
2023-12-14,600085,sell,50.17913542,1900,-1716.5281719999912,
2023-12-14,600015,sell,5.0825088,19700,-695.3154399999912,
2023-12-14,600188,sell,13.50714948,7300,-2057.273736000003,
2023-12-14,600219,sell,2.4436146,40500,-2105.667899999986,
2023-12-14,600183,buy,17.091252,6000,0.0,
2023-12-14,600309,buy,72.14248795,1400,0.0,
2023-12-14,600482,buy,17.39984967,5900,0.0,
2023-12-14,600372,buy,12.617158,8100,0.0,
2023-12-14,600023,buy,4.319365,23800,0.0,
2023-12-14,600276,buy,45.34102062,2200,0.0,
2023-12-14,600010,buy,1.47,70100,0.0,
2023-12-14,600346,buy,12.19906784,8400,0.0,
2023-12-28,600150,sell,28.4193216,3700,4235.268343999996,
2023-12-28,600183,sell,17.08175686,6000,-56.97084000000905,
2023-12-28,600482,sell,16.91897396,5900,-2837.166689000005,
2023-12-28,600372,sell,12.7742588,8100,1272.5164800000057,
2023-12-28,600023,sell,4.1284036,23800,-4544.881319999986,
2023-12-28,600276,sell,44.3693565,2200,-2137.661064,
2023-12-28,600010,sell,1.46,70100,-701.0,
2023-12-28,600346,sell,12.12468328,8400,-624.8303040000028,
2023-12-28,600438,buy,24.42938659,4100,0.0,
2023-12-28,600089,buy,13.39344067,7600,0.0,
2023-12-28,600050,buy,4.1175014,24800,0.0,
2023-12-28,600436,buy,235.8951645,400,0.0,
2023-12-28,600188,buy,13.41992,7600,0.0,
2023-12-28,600036,buy,24.66828675,4100,0.0,
2023-12-28,600362,buy,16.60851136,6100,0.0,
2023-12-28,600460,buy,22.54348814,4500,0.0,
2024-01-12,600025,sell,8.25499251,13000,5885.414730000004,
2024-01-12,600309,sell,68.09558756,1400,-5665.660546000014,
2024-01-12,600050,sell,3.76888,24800,-8645.810720000009,
2024-01-12,600436,sell,212.8195175,400,-9230.258799999996,
2024-01-12,600188,sell,14.37273432,7600,7241.388831999997,
2024-01-12,600036,sell,25.1530155,4100,1987.3878750000003,
2024-01-12,600460,sell,20.6665281,4500,-8446.32018000001,
2024-01-12,600066,buy,13.46868865,7400,0.0,
2024-01-12,600346,buy,11.50171259,8700,0.0,
2024-01-12,600415,buy,6.91231248,14500,0.0,
2024-01-12,600026,buy,12.24536848,8100,0.0,
2024-01-12,600219,buy,2.5562635,39200,0.0,
2024-01-12,600406,buy,19.88203446,5000,0.0,
2024-01-12,600039,buy,6.6854344,14900,0.0,
2024-01-26,600438,sell,25.03317292,4100,2475.5239529999963,
2024-01-26,600089,sell,14.05973296,7600,5063.8214039999875,
2024-01-26,600362,sell,17.17831968,6100,3475.8307519999944,
2024-01-26,600066,sell,13.92495693,7400,3376.3852719999995,
2024-01-26,600346,sell,11.73416434,8700,2022.3302249999979,
2024-01-26,600415,sell,7.10378928,14500,2776.4136,
2024-01-26,600026,sell,12.7712432,8100,4259.585232000012,
2024-01-26,600219,sell,2.5649288,39200,339.6797599999991,
2024-01-26,600406,sell,20.06217688,5000,900.7120999999897,
2024-01-26,600050,buy,4.287101,24100,0.0,
2024-01-26,600482,buy,18.66582858,5500,0.0,
2024-01-26,600061,buy,6.72902712,15300,0.0,
2024-01-26,600048,buy,9.23620919,11100,0.0,
2024-01-26,600030,buy,19.77560623,5200,0.0,
2024-01-26,600036,buy,27.426834,3700,0.0,
2024-01-26,600436,buy,221.07051565,400,0.0,
2024-01-26,600009,buy,33.5771369,3000,0.0,
2024-01-26,600309,buy,70.171907,1400,0.0,
2024-02-19,600039,sell,7.42924432,14900,11082.767808000004,
2024-02-19,600061,sell,6.39161172,15300,-5162.455619999993,
2024-02-19,600048,sell,9.14300829,11100,-1034.52999000001,
2024-02-19,600030,sell,19.79459385,5200,98.735623999979,
2024-02-19,600036,sell,27.8674965,3700,1630.4512500000128,
2024-02-19,600436,sell,205.84834515,400,-6088.868200000012,
2024-02-19,600009,sell,34.4766991,3000,2698.686600000001,
2024-02-19,600188,buy,16.85541952,6100,0.0,
2024-02-19,600111,buy,18.43214307,5600,0.0,
2024-02-19,600160,buy,18.06823017,5700,0.0,
2024-02-19,600276,buy,41.30564004,2500,0.0,
2024-02-19,600150,buy,32.47499562,3200,0.0,
2024-02-19,600161,buy,22.98595104,4500,0.0,
2024-02-19,600066,buy,14.84626788,7000,0.0,
2024-03-04,600050,sell,4.5791892,24100,7039.325620000003,
2024-03-04,600482,sell,21.53145526,5500,15760.946740000014,
2024-03-04,600309,sell,73.19026026,1400,4225.694564000005,
2024-03-04,600111,sell,18.82008348,5600,2172.4662960000132,
2024-03-04,600160,sell,20.05288623,5700,11312.539541999999,
2024-03-04,600161,sell,22.80586168,4500,-810.4021199999988,
2024-03-04,600089,buy,15.19918934,7200,0.0,
2024-03-04,600460,buy,21.42529918,5100,0.0,
2024-03-04,600438,buy,26.4515916,4100,0.0,
2024-03-04,600196,buy,25.052844,4300,0.0,
2024-03-04,600415,buy,8.22392856,13300,0.0,
2024-03-04,600219,buy,2.7295695,40200,0.0,
2024-03-18,600188,sell,15.8355056,6100,-6221.474912000005,
2024-03-18,600150,sell,34.65578384,3200,6978.522303999998,
2024-03-18,600066,sell,17.12760928,7000,15969.389800000019,
2024-03-18,600089,sell,15.42128677,7200,1599.101496000003,
2024-03-18,600460,sell,21.55508897,5100,661.9279289999977,
2024-03-18,600438,sell,25.59862361,4100,-3497.168758999993,
2024-03-18,600196,sell,24.52521,4300,-2268.826199999996,
2024-03-18,600415,sell,8.82708048,13300,8021.920536000005,
2024-03-18,600219,sell,2.8942102,40200,6618.556139999986,
2024-03-18,600160,buy,21.66419115,5100,0.0,
2024-03-18,600362,buy,21.49391712,5100,0.0,
2024-03-18,600233,buy,14.07012633,7800,0.0,
2024-03-18,600436,buy,227.8283837,400,0.0,
2024-03-18,600009,buy,36.81360525,3000,0.0,
2024-03-18,600183,buy,17.5185333,6300,0.0,
2024-03-18,600085,buy,41.46194028,2600,0.0,
2024-03-18,600176,buy,9.72547452,11300,0.0,
2024-03-18,600372,buy,12.0182112,9200,0.0,
2024-04-01,600276,sell,45.92600208,2500,11550.905100000018,
2024-04-01,600362,sell,21.9983376,5100,2572.544448000015,
2024-04-01,600233,sell,14.9358339,7800,6752.519045999987,
2024-04-01,600436,sell,227.2854273,400,-217.18255999998655,
2024-04-01,600009,sell,35.83582025,3000,-2933.3550000000105,
2024-04-01,600183,sell,16.7589221,6300,-4785.550560000018,
2024-04-01,600085,sell,40.1740636,2600,-3348.479368000015,
2024-04-01,600372,sell,11.6941908,9200,-2980.987679999991,
2024-04-01,600309,buy,81.27444845,1300,0.0,
2024-04-01,600066,buy,18.46131656,6000,0.0,
2024-04-01,600489,buy,12.7610612,8600,0.0,
2024-04-01,600150,buy,36.9549859,2900,0.0,
2024-04-01,600426,buy,25.3758729,4300,0.0,
2024-04-01,600036,buy,28.766448,3800,0.0,
2024-04-01,600016,buy,3.50795652,31500,0.0,
2024-04-01,600023,buy,5.9834572,18500,0.0,
2024-04-17,600160,sell,23.15759571,5100,7616.363255999982,
2024-04-17,600309,sell,83.70643372,1300,3161.580851000006,
2024-04-17,600489,sell,12.6658294,8600,-818.9934800000046,
2024-04-17,600426,sell,26.55504915,4300,5070.457874999978,
2024-04-17,600016,sell,3.51668278,31500,274.87718999999925,
2024-04-17,600023,sell,6.0562044,18500,1345.823199999999,
2024-04-17,600031,buy,15.36036948,7400,0.0,
2024-04-17,600050,buy,4.5415004,25100,0.0,
2024-04-17,600019,buy,6.65209741,17100,0.0,
2024-04-17,600406,buy,24.2244149,4700,0.0,
2024-04-17,600161,buy,23.2888286,4900,0.0,
2024-04-17,600061,buy,6.05419632,18800,0.0,
2024-05-06,600176,sell,11.82033794,11300,23671.95664599999,
2024-05-06,600150,sell,36.55040528,2900,-1173.283798000004,
2024-05-06,600050,sell,4.3907452,25100,-3783.9555200000177,
2024-05-06,600019,sell,6.43066837,17100,-3786.436583999981,
2024-05-06,600406,sell,21.93945052,4700,-10739.33258599999,
2024-05-06,600161,sell,24.22201892,4900,4572.632568000001,
2024-05-06,600061,sell,6.23736468,18800,3443.565168000001,
2024-05-06,600085,buy,42.8651492,2600,0.0,
2024-05-06,600183,buy,18.60097926,6100,0.0,
2024-05-06,600436,buy,235.5655124,400,0.0,
2024-05-06,600309,buy,90.0639643,1200,0.0,
2024-05-06,600048,buy,8.22963947,13900,0.0,
2024-05-06,600009,buy,36.6278261,3100,0.0,
2024-05-06,600196,buy,23.567652,4800,0.0,
2024-05-20,600036,sell,32.0626035,3800,12525.390900000013,
2024-05-20,600031,sell,16.12314388,7400,5644.530560000014,
2024-05-20,600183,sell,19.95878428,6100,8282.610622000007,
2024-05-20,600309,sell,87.99701885,1200,-2480.334539999996,
2024-05-20,600009,sell,35.982488,3100,-2000.5481100000034,
2024-05-20,600196,sell,23.264751,4800,-1453.9247999999934,
2024-05-20,600489,buy,14.83711444,8100,0.0,
2024-05-20,600029,buy,5.97,20200,0.0,
2024-05-20,600016,buy,3.46432522,34900,0.0,
2024-05-20,600000,buy,7.78927552,15500,0.0,
2024-05-20,600362,buy,26.45405184,4500,0.0,
2024-05-20,600233,buy,16.32477132,7400,0.0,
